Date,Year,Quarter,MonthName,MonthNum,DayOfWeek
01-01-2022,2022,Q1,January,1,Saturday
02-01-2022,2022,Q1,January,1,Sunday
03-01-2022,2022,Q1,January,1,Monday
04-01-2022,2022,Q1,January,1,Tuesday
05-01-2022,2022,Q1,January,1,Wednesday
06-01-2022,2022,Q1,January,1,Thursday
07-01-2022,2022,Q1,January,1,Friday
08-01-2022,2022,Q1,January,1,Saturday
09-01-2022,2022,Q1,January,1,Sunday
10-01-2022,2022,Q1,January,1,Monday
11-01-2022,2022,Q1,January,1,Tuesday
12-01-2022,2022,Q1,January,1,Wednesday
13-01-2022,2022,Q1,January,1,Thursday
14-01-2022,2022,Q1,January,1,Friday
15-01-2022,2022,Q1,January,1,Saturday
16-01-2022,2022,Q1,January,1,Sunday
17-01-2022,2022,Q1,January,1,Monday
18-01-2022,2022,Q1,January,1,Tuesday
19-01-2022,2022,Q1,January,1,Wednesday
20-01-2022,2022,Q1,January,1,Thursday
21-01-2022,2022,Q1,January,1,Friday
22-01-2022,2022,Q1,January,1,Saturday
23-01-2022,2022,Q1,January,1,Sunday
24-01-2022,2022,Q1,January,1,Monday
25-01-2022,2022,Q1,January,1,Tuesday
26-01-2022,2022,Q1,January,1,Wednesday
27-01-2022,2022,Q1,January,1,Thursday
28-01-2022,2022,Q1,January,1,Friday
29-01-2022,2022,Q1,January,1,Saturday
30-01-2022,2022,Q1,January,1,Sunday
31-01-2022,2022,Q1,January,1,Monday
01-02-2022,2022,Q1,February,2,Tuesday
02-02-2022,2022,Q1,February,2,Wednesday
03-02-2022,2022,Q1,February,2,Thursday
04-02-2022,2022,Q1,February,2,Friday
05-02-2022,2022,Q1,February,2,Saturday
06-02-2022,2022,Q1,February,2,Sunday
07-02-2022,2022,Q1,February,2,Monday
08-02-2022,2022,Q1,February,2,Tuesday
09-02-2022,2022,Q1,February,2,Wednesday
10-02-2022,2022,Q1,February,2,Thursday
11-02-2022,2022,Q1,February,2,Friday
12-02-2022,2022,Q1,February,2,Saturday
13-02-2022,2022,Q1,February,2,Sunday
14-02-2022,2022,Q1,February,2,Monday
15-02-2022,2022,Q1,February,2,Tuesday
16-02-2022,2022,Q1,February,2,Wednesday
17-02-2022,2022,Q1,February,2,Thursday
18-02-2022,2022,Q1,February,2,Friday
19-02-2022,2022,Q1,February,2,Saturday
20-02-2022,2022,Q1,February,2,Sunday
21-02-2022,2022,Q1,February,2,Monday
22-02-2022,2022,Q1,February,2,Tuesday
23-02-2022,2022,Q1,February,2,Wednesday
24-02-2022,2022,Q1,February,2,Thursday
25-02-2022,2022,Q1,February,2,Friday
26-02-2022,2022,Q1,February,2,Saturday
27-02-2022,2022,Q1,February,2,Sunday
28-02-2022,2022,Q1,February,2,Monday
01-03-2022,2022,Q1,March,3,Tuesday
02-03-2022,2022,Q1,March,3,Wednesday
03-03-2022,2022,Q1,March,3,Thursday
04-03-2022,2022,Q1,March,3,Friday
05-03-2022,2022,Q1,March,3,Saturday
06-03-2022,2022,Q1,March,3,Sunday
07-03-2022,2022,Q1,March,3,Monday
08-03-2022,2022,Q1,March,3,Tuesday
09-03-2022,2022,Q1,March,3,Wednesday
10-03-2022,2022,Q1,March,3,Thursday
11-03-2022,2022,Q1,March,3,Friday
12-03-2022,2022,Q1,March,3,Saturday
13-03-2022,2022,Q1,March,3,Sunday
14-03-2022,2022,Q1,March,3,Monday
15-03-2022,2022,Q1,March,3,Tuesday
16-03-2022,2022,Q1,March,3,Wednesday
17-03-2022,2022,Q1,March,3,Thursday
18-03-2022,2022,Q1,March,3,Friday
19-03-2022,2022,Q1,March,3,Saturday
20-03-2022,2022,Q1,March,3,Sunday
21-03-2022,2022,Q1,March,3,Monday
22-03-2022,2022,Q1,March,3,Tuesday
23-03-2022,2022,Q1,March,3,Wednesday
24-03-2022,2022,Q1,March,3,Thursday
25-03-2022,2022,Q1,March,3,Friday
26-03-2022,2022,Q1,March,3,Saturday
27-03-2022,2022,Q1,March,3,Sunday
28-03-2022,2022,Q1,March,3,Monday
29-03-2022,2022,Q1,March,3,Tuesday
30-03-2022,2022,Q1,March,3,Wednesday
31-03-2022,2022,Q1,March,3,Thursday
01-04-2022,2022,Q2,April,4,Friday
02-04-2022,2022,Q2,April,4,Saturday
03-04-2022,2022,Q2,April,4,Sunday
04-04-2022,2022,Q2,April,4,Monday
05-04-2022,2022,Q2,April,4,Tuesday
06-04-2022,2022,Q2,April,4,Wednesday
07-04-2022,2022,Q2,April,4,Thursday
08-04-2022,2022,Q2,April,4,Friday
09-04-2022,2022,Q2,April,4,Saturday
10-04-2022,2022,Q2,April,4,Sunday
11-04-2022,2022,Q2,April,4,Monday
12-04-2022,2022,Q2,April,4,Tuesday
13-04-2022,2022,Q2,April,4,Wednesday
14-04-2022,2022,Q2,April,4,Thursday
15-04-2022,2022,Q2,April,4,Friday
16-04-2022,2022,Q2,April,4,Saturday
17-04-2022,2022,Q2,April,4,Sunday
18-04-2022,2022,Q2,April,4,Monday
19-04-2022,2022,Q2,April,4,Tuesday
20-04-2022,2022,Q2,April,4,Wednesday
21-04-2022,2022,Q2,April,4,Thursday
22-04-2022,2022,Q2,April,4,Friday
23-04-2022,2022,Q2,April,4,Saturday
24-04-2022,2022,Q2,April,4,Sunday
25-04-2022,2022,Q2,April,4,Monday
26-04-2022,2022,Q2,April,4,Tuesday
27-04-2022,2022,Q2,April,4,Wednesday
28-04-2022,2022,Q2,April,4,Thursday
29-04-2022,2022,Q2,April,4,Friday
30-04-2022,2022,Q2,April,4,Saturday
01-05-2022,2022,Q2,May,5,Sunday
02-05-2022,2022,Q2,May,5,Monday
03-05-2022,2022,Q2,May,5,Tuesday
04-05-2022,2022,Q2,May,5,Wednesday
05-05-2022,2022,Q2,May,5,Thursday
06-05-2022,2022,Q2,May,5,Friday
07-05-2022,2022,Q2,May,5,Saturday
08-05-2022,2022,Q2,May,5,Sunday
09-05-2022,2022,Q2,May,5,Monday
10-05-2022,2022,Q2,May,5,Tuesday
11-05-2022,2022,Q2,May,5,Wednesday
12-05-2022,2022,Q2,May,5,Thursday
13-05-2022,2022,Q2,May,5,Friday
14-05-2022,2022,Q2,May,5,Saturday
15-05-2022,2022,Q2,May,5,Sunday
16-05-2022,2022,Q2,May,5,Monday
17-05-2022,2022,Q2,May,5,Tuesday
18-05-2022,2022,Q2,May,5,Wednesday
19-05-2022,2022,Q2,May,5,Thursday
20-05-2022,2022,Q2,May,5,Friday
21-05-2022,2022,Q2,May,5,Saturday
22-05-2022,2022,Q2,May,5,Sunday
23-05-2022,2022,Q2,May,5,Monday
24-05-2022,2022,Q2,May,5,Tuesday
25-05-2022,2022,Q2,May,5,Wednesday
26-05-2022,2022,Q2,May,5,Thursday
27-05-2022,2022,Q2,May,5,Friday
28-05-2022,2022,Q2,May,5,Saturday
29-05-2022,2022,Q2,May,5,Sunday
30-05-2022,2022,Q2,May,5,Monday
31-05-2022,2022,Q2,May,5,Tuesday
01-06-2022,2022,Q2,June,6,Wednesday
02-06-2022,2022,Q2,June,6,Thursday
03-06-2022,2022,Q2,June,6,Friday
04-06-2022,2022,Q2,June,6,Saturday
05-06-2022,2022,Q2,June,6,Sunday
06-06-2022,2022,Q2,June,6,Monday
07-06-2022,2022,Q2,June,6,Tuesday
08-06-2022,2022,Q2,June,6,Wednesday
09-06-2022,2022,Q2,June,6,Thursday
10-06-2022,2022,Q2,June,6,Friday
11-06-2022,2022,Q2,June,6,Saturday
12-06-2022,2022,Q2,June,6,Sunday
13-06-2022,2022,Q2,June,6,Monday
14-06-2022,2022,Q2,June,6,Tuesday
15-06-2022,2022,Q2,June,6,Wednesday
16-06-2022,2022,Q2,June,6,Thursday
17-06-2022,2022,Q2,June,6,Friday
18-06-2022,2022,Q2,June,6,Saturday
19-06-2022,2022,Q2,June,6,Sunday
20-06-2022,2022,Q2,June,6,Monday
21-06-2022,2022,Q2,June,6,Tuesday
22-06-2022,2022,Q2,June,6,Wednesday
23-06-2022,2022,Q2,June,6,Thursday
24-06-2022,2022,Q2,June,6,Friday
25-06-2022,2022,Q2,June,6,Saturday
26-06-2022,2022,Q2,June,6,Sunday
27-06-2022,2022,Q2,June,6,Monday
28-06-2022,2022,Q2,June,6,Tuesday
29-06-2022,2022,Q2,June,6,Wednesday
30-06-2022,2022,Q2,June,6,Thursday
01-07-2022,2022,Q3,July,7,Friday
02-07-2022,2022,Q3,July,7,Saturday
03-07-2022,2022,Q3,July,7,Sunday
04-07-2022,2022,Q3,July,7,Monday
05-07-2022,2022,Q3,July,7,Tuesday
06-07-2022,2022,Q3,July,7,Wednesday
07-07-2022,2022,Q3,July,7,Thursday
08-07-2022,2022,Q3,July,7,Friday
09-07-2022,2022,Q3,July,7,Saturday
10-07-2022,2022,Q3,July,7,Sunday
11-07-2022,2022,Q3,July,7,Monday
12-07-2022,2022,Q3,July,7,Tuesday
13-07-2022,2022,Q3,July,7,Wednesday
14-07-2022,2022,Q3,July,7,Thursday
15-07-2022,2022,Q3,July,7,Friday
16-07-2022,2022,Q3,July,7,Saturday
17-07-2022,2022,Q3,July,7,Sunday
18-07-2022,2022,Q3,July,7,Monday
19-07-2022,2022,Q3,July,7,Tuesday
20-07-2022,2022,Q3,July,7,Wednesday
21-07-2022,2022,Q3,July,7,Thursday
22-07-2022,2022,Q3,July,7,Friday
23-07-2022,2022,Q3,July,7,Saturday
24-07-2022,2022,Q3,July,7,Sunday
25-07-2022,2022,Q3,July,7,Monday
26-07-2022,2022,Q3,July,7,Tuesday
27-07-2022,2022,Q3,July,7,Wednesday
28-07-2022,2022,Q3,July,7,Thursday
29-07-2022,2022,Q3,July,7,Friday
30-07-2022,2022,Q3,July,7,Saturday
31-07-2022,2022,Q3,July,7,Sunday
01-08-2022,2022,Q3,August,8,Monday
02-08-2022,2022,Q3,August,8,Tuesday
03-08-2022,2022,Q3,August,8,Wednesday
04-08-2022,2022,Q3,August,8,Thursday
05-08-2022,2022,Q3,August,8,Friday
06-08-2022,2022,Q3,August,8,Saturday
07-08-2022,2022,Q3,August,8,Sunday
08-08-2022,2022,Q3,August,8,Monday
09-08-2022,2022,Q3,August,8,Tuesday
10-08-2022,2022,Q3,August,8,Wednesday
11-08-2022,2022,Q3,August,8,Thursday
12-08-2022,2022,Q3,August,8,Friday
13-08-2022,2022,Q3,August,8,Saturday
14-08-2022,2022,Q3,August,8,Sunday
15-08-2022,2022,Q3,August,8,Monday
16-08-2022,2022,Q3,August,8,Tuesday
17-08-2022,2022,Q3,August,8,Wednesday
18-08-2022,2022,Q3,August,8,Thursday
19-08-2022,2022,Q3,August,8,Friday
20-08-2022,2022,Q3,August,8,Saturday
21-08-2022,2022,Q3,August,8,Sunday
22-08-2022,2022,Q3,August,8,Monday
23-08-2022,2022,Q3,August,8,Tuesday
24-08-2022,2022,Q3,August,8,Wednesday
25-08-2022,2022,Q3,August,8,Thursday
26-08-2022,2022,Q3,August,8,Friday
27-08-2022,2022,Q3,August,8,Saturday
28-08-2022,2022,Q3,August,8,Sunday
29-08-2022,2022,Q3,August,8,Monday
30-08-2022,2022,Q3,August,8,Tuesday
31-08-2022,2022,Q3,August,8,Wednesday
01-09-2022,2022,Q3,September,9,Thursday
02-09-2022,2022,Q3,September,9,Friday
03-09-2022,2022,Q3,September,9,Saturday
04-09-2022,2022,Q3,September,9,Sunday
05-09-2022,2022,Q3,September,9,Monday
06-09-2022,2022,Q3,September,9,Tuesday
07-09-2022,2022,Q3,September,9,Wednesday
08-09-2022,2022,Q3,September,9,Thursday
09-09-2022,2022,Q3,September,9,Friday
10-09-2022,2022,Q3,September,9,Saturday
11-09-2022,2022,Q3,September,9,Sunday
12-09-2022,2022,Q3,September,9,Monday
13-09-2022,2022,Q3,September,9,Tuesday
14-09-2022,2022,Q3,September,9,Wednesday
15-09-2022,2022,Q3,September,9,Thursday
16-09-2022,2022,Q3,September,9,Friday
17-09-2022,2022,Q3,September,9,Saturday
18-09-2022,2022,Q3,September,9,Sunday
19-09-2022,2022,Q3,September,9,Monday
20-09-2022,2022,Q3,September,9,Tuesday
21-09-2022,2022,Q3,September,9,Wednesday
22-09-2022,2022,Q3,September,9,Thursday
23-09-2022,2022,Q3,September,9,Friday
24-09-2022,2022,Q3,September,9,Saturday
25-09-2022,2022,Q3,September,9,Sunday
26-09-2022,2022,Q3,September,9,Monday
27-09-2022,2022,Q3,September,9,Tuesday
28-09-2022,2022,Q3,September,9,Wednesday
29-09-2022,2022,Q3,September,9,Thursday
30-09-2022,2022,Q3,September,9,Friday
01-10-2022,2022,Q4,October,10,Saturday
02-10-2022,2022,Q4,October,10,Sunday
03-10-2022,2022,Q4,October,10,Monday
04-10-2022,2022,Q4,October,10,Tuesday
05-10-2022,2022,Q4,October,10,Wednesday
06-10-2022,2022,Q4,October,10,Thursday
07-10-2022,2022,Q4,October,10,Friday
08-10-2022,2022,Q4,October,10,Saturday
09-10-2022,2022,Q4,October,10,Sunday
10-10-2022,2022,Q4,October,10,Monday
11-10-2022,2022,Q4,October,10,Tuesday
12-10-2022,2022,Q4,October,10,Wednesday
13-10-2022,2022,Q4,October,10,Thursday
14-10-2022,2022,Q4,October,10,Friday
15-10-2022,2022,Q4,October,10,Saturday
16-10-2022,2022,Q4,October,10,Sunday
17-10-2022,2022,Q4,October,10,Monday
18-10-2022,2022,Q4,October,10,Tuesday
19-10-2022,2022,Q4,October,10,Wednesday
20-10-2022,2022,Q4,October,10,Thursday
21-10-2022,2022,Q4,October,10,Friday
22-10-2022,2022,Q4,October,10,Saturday
23-10-2022,2022,Q4,October,10,Sunday
24-10-2022,2022,Q4,October,10,Monday
25-10-2022,2022,Q4,October,10,Tuesday
26-10-2022,2022,Q4,October,10,Wednesday
27-10-2022,2022,Q4,October,10,Thursday
28-10-2022,2022,Q4,October,10,Friday
29-10-2022,2022,Q4,October,10,Saturday
30-10-2022,2022,Q4,October,10,Sunday
31-10-2022,2022,Q4,October,10,Monday
01-11-2022,2022,Q4,November,11,Tuesday
02-11-2022,2022,Q4,November,11,Wednesday
03-11-2022,2022,Q4,November,11,Thursday
04-11-2022,2022,Q4,November,11,Friday
05-11-2022,2022,Q4,November,11,Saturday
06-11-2022,2022,Q4,November,11,Sunday
07-11-2022,2022,Q4,November,11,Monday
08-11-2022,2022,Q4,November,11,Tuesday
09-11-2022,2022,Q4,November,11,Wednesday
10-11-2022,2022,Q4,November,11,Thursday
11-11-2022,2022,Q4,November,11,Friday
12-11-2022,2022,Q4,November,11,Saturday
13-11-2022,2022,Q4,November,11,Sunday
14-11-2022,2022,Q4,November,11,Monday
15-11-2022,2022,Q4,November,11,Tuesday
16-11-2022,2022,Q4,November,11,Wednesday
17-11-2022,2022,Q4,November,11,Thursday
18-11-2022,2022,Q4,November,11,Friday
19-11-2022,2022,Q4,November,11,Saturday
20-11-2022,2022,Q4,November,11,Sunday
21-11-2022,2022,Q4,November,11,Monday
22-11-2022,2022,Q4,November,11,Tuesday
23-11-2022,2022,Q4,November,11,Wednesday
24-11-2022,2022,Q4,November,11,Thursday
25-11-2022,2022,Q4,November,11,Friday
26-11-2022,2022,Q4,November,11,Saturday
27-11-2022,2022,Q4,November,11,Sunday
28-11-2022,2022,Q4,November,11,Monday
29-11-2022,2022,Q4,November,11,Tuesday
30-11-2022,2022,Q4,November,11,Wednesday
01-12-2022,2022,Q4,December,12,Thursday
02-12-2022,2022,Q4,December,12,Friday
03-12-2022,2022,Q4,December,12,Saturday
04-12-2022,2022,Q4,December,12,Sunday
05-12-2022,2022,Q4,December,12,Monday
06-12-2022,2022,Q4,December,12,Tuesday
07-12-2022,2022,Q4,December,12,Wednesday
08-12-2022,2022,Q4,December,12,Thursday
09-12-2022,2022,Q4,December,12,Friday
10-12-2022,2022,Q4,December,12,Saturday
11-12-2022,2022,Q4,December,12,Sunday
12-12-2022,2022,Q4,December,12,Monday
13-12-2022,2022,Q4,December,12,Tuesday
14-12-2022,2022,Q4,December,12,Wednesday
15-12-2022,2022,Q4,December,12,Thursday
16-12-2022,2022,Q4,December,12,Friday
17-12-2022,2022,Q4,December,12,Saturday
18-12-2022,2022,Q4,December,12,Sunday
19-12-2022,2022,Q4,December,12,Monday
20-12-2022,2022,Q4,December,12,Tuesday
21-12-2022,2022,Q4,December,12,Wednesday
22-12-2022,2022,Q4,December,12,Thursday
23-12-2022,2022,Q4,December,12,Friday
24-12-2022,2022,Q4,December,12,Saturday
25-12-2022,2022,Q4,December,12,Sunday
26-12-2022,2022,Q4,December,12,Monday
27-12-2022,2022,Q4,December,12,Tuesday
28-12-2022,2022,Q4,December,12,Wednesday
29-12-2022,2022,Q4,December,12,Thursday
30-12-2022,2022,Q4,December,12,Friday
31-12-2022,2022,Q4,December,12,Saturday
01-01-2023,2023,Q1,January,1,Sunday
02-01-2023,2023,Q1,January,1,Monday
03-01-2023,2023,Q1,January,1,Tuesday
04-01-2023,2023,Q1,January,1,Wednesday
05-01-2023,2023,Q1,January,1,Thursday
06-01-2023,2023,Q1,January,1,Friday
07-01-2023,2023,Q1,January,1,Saturday
08-01-2023,2023,Q1,January,1,Sunday
09-01-2023,2023,Q1,January,1,Monday
10-01-2023,2023,Q1,January,1,Tuesday
11-01-2023,2023,Q1,January,1,Wednesday
12-01-2023,2023,Q1,January,1,Thursday
13-01-2023,2023,Q1,January,1,Friday
14-01-2023,2023,Q1,January,1,Saturday
15-01-2023,2023,Q1,January,1,Sunday
16-01-2023,2023,Q1,January,1,Monday
17-01-2023,2023,Q1,January,1,Tuesday
18-01-2023,2023,Q1,January,1,Wednesday
19-01-2023,2023,Q1,January,1,Thursday
20-01-2023,2023,Q1,January,1,Friday
21-01-2023,2023,Q1,January,1,Saturday
22-01-2023,2023,Q1,January,1,Sunday
23-01-2023,2023,Q1,January,1,Monday
24-01-2023,2023,Q1,January,1,Tuesday
25-01-2023,2023,Q1,January,1,Wednesday
26-01-2023,2023,Q1,January,1,Thursday
27-01-2023,2023,Q1,January,1,Friday
28-01-2023,2023,Q1,January,1,Saturday
29-01-2023,2023,Q1,January,1,Sunday
30-01-2023,2023,Q1,January,1,Monday
31-01-2023,2023,Q1,January,1,Tuesday
01-02-2023,2023,Q1,February,2,Wednesday
02-02-2023,2023,Q1,February,2,Thursday
03-02-2023,2023,Q1,February,2,Friday
04-02-2023,2023,Q1,February,2,Saturday
05-02-2023,2023,Q1,February,2,Sunday
06-02-2023,2023,Q1,February,2,Monday
07-02-2023,2023,Q1,February,2,Tuesday
08-02-2023,2023,Q1,February,2,Wednesday
09-02-2023,2023,Q1,February,2,Thursday
10-02-2023,2023,Q1,February,2,Friday
11-02-2023,2023,Q1,February,2,Saturday
12-02-2023,2023,Q1,February,2,Sunday
13-02-2023,2023,Q1,February,2,Monday
14-02-2023,2023,Q1,February,2,Tuesday
15-02-2023,2023,Q1,February,2,Wednesday
16-02-2023,2023,Q1,February,2,Thursday
17-02-2023,2023,Q1,February,2,Friday
18-02-2023,2023,Q1,February,2,Saturday
19-02-2023,2023,Q1,February,2,Sunday
20-02-2023,2023,Q1,February,2,Monday
21-02-2023,2023,Q1,February,2,Tuesday
22-02-2023,2023,Q1,February,2,Wednesday
23-02-2023,2023,Q1,February,2,Thursday
24-02-2023,2023,Q1,February,2,Friday
25-02-2023,2023,Q1,February,2,Saturday
26-02-2023,2023,Q1,February,2,Sunday
27-02-2023,2023,Q1,February,2,Monday
28-02-2023,2023,Q1,February,2,Tuesday
01-03-2023,2023,Q1,March,3,Wednesday
02-03-2023,2023,Q1,March,3,Thursday
03-03-2023,2023,Q1,March,3,Friday
04-03-2023,2023,Q1,March,3,Saturday
05-03-2023,2023,Q1,March,3,Sunday
06-03-2023,2023,Q1,March,3,Monday
07-03-2023,2023,Q1,March,3,Tuesday
08-03-2023,2023,Q1,March,3,Wednesday
09-03-2023,2023,Q1,March,3,Thursday
10-03-2023,2023,Q1,March,3,Friday
11-03-2023,2023,Q1,March,3,Saturday
12-03-2023,2023,Q1,March,3,Sunday
13-03-2023,2023,Q1,March,3,Monday
14-03-2023,2023,Q1,March,3,Tuesday
15-03-2023,2023,Q1,March,3,Wednesday
16-03-2023,2023,Q1,March,3,Thursday
17-03-2023,2023,Q1,March,3,Friday
18-03-2023,2023,Q1,March,3,Saturday
19-03-2023,2023,Q1,March,3,Sunday
20-03-2023,2023,Q1,March,3,Monday
21-03-2023,2023,Q1,March,3,Tuesday
22-03-2023,2023,Q1,March,3,Wednesday
23-03-2023,2023,Q1,March,3,Thursday
24-03-2023,2023,Q1,March,3,Friday
25-03-2023,2023,Q1,March,3,Saturday
26-03-2023,2023,Q1,March,3,Sunday
27-03-2023,2023,Q1,March,3,Monday
28-03-2023,2023,Q1,March,3,Tuesday
29-03-2023,2023,Q1,March,3,Wednesday
30-03-2023,2023,Q1,March,3,Thursday
31-03-2023,2023,Q1,March,3,Friday
01-04-2023,2023,Q2,April,4,Saturday
02-04-2023,2023,Q2,April,4,Sunday
03-04-2023,2023,Q2,April,4,Monday
04-04-2023,2023,Q2,April,4,Tuesday
05-04-2023,2023,Q2,April,4,Wednesday
06-04-2023,2023,Q2,April,4,Thursday
07-04-2023,2023,Q2,April,4,Friday
08-04-2023,2023,Q2,April,4,Saturday
09-04-2023,2023,Q2,April,4,Sunday
10-04-2023,2023,Q2,April,4,Monday
11-04-2023,2023,Q2,April,4,Tuesday
12-04-2023,2023,Q2,April,4,Wednesday
13-04-2023,2023,Q2,April,4,Thursday
14-04-2023,2023,Q2,April,4,Friday
15-04-2023,2023,Q2,April,4,Saturday
16-04-2023,2023,Q2,April,4,Sunday
17-04-2023,2023,Q2,April,4,Monday
18-04-2023,2023,Q2,April,4,Tuesday
19-04-2023,2023,Q2,April,4,Wednesday
20-04-2023,2023,Q2,April,4,Thursday
21-04-2023,2023,Q2,April,4,Friday
22-04-2023,2023,Q2,April,4,Saturday
23-04-2023,2023,Q2,April,4,Sunday
24-04-2023,2023,Q2,April,4,Monday
25-04-2023,2023,Q2,April,4,Tuesday
26-04-2023,2023,Q2,April,4,Wednesday
27-04-2023,2023,Q2,April,4,Thursday
28-04-2023,2023,Q2,April,4,Friday
29-04-2023,2023,Q2,April,4,Saturday
30-04-2023,2023,Q2,April,4,Sunday
01-05-2023,2023,Q2,May,5,Monday
02-05-2023,2023,Q2,May,5,Tuesday
03-05-2023,2023,Q2,May,5,Wednesday
04-05-2023,2023,Q2,May,5,Thursday
05-05-2023,2023,Q2,May,5,Friday
06-05-2023,2023,Q2,May,5,Saturday
07-05-2023,2023,Q2,May,5,Sunday
08-05-2023,2023,Q2,May,5,Monday
09-05-2023,2023,Q2,May,5,Tuesday
10-05-2023,2023,Q2,May,5,Wednesday
11-05-2023,2023,Q2,May,5,Thursday
12-05-2023,2023,Q2,May,5,Friday
13-05-2023,2023,Q2,May,5,Saturday
14-05-2023,2023,Q2,May,5,Sunday
15-05-2023,2023,Q2,May,5,Monday
16-05-2023,2023,Q2,May,5,Tuesday
17-05-2023,2023,Q2,May,5,Wednesday
18-05-2023,2023,Q2,May,5,Thursday
19-05-2023,2023,Q2,May,5,Friday
20-05-2023,2023,Q2,May,5,Saturday
21-05-2023,2023,Q2,May,5,Sunday
22-05-2023,2023,Q2,May,5,Monday
23-05-2023,2023,Q2,May,5,Tuesday
24-05-2023,2023,Q2,May,5,Wednesday
25-05-2023,2023,Q2,May,5,Thursday
26-05-2023,2023,Q2,May,5,Friday
27-05-2023,2023,Q2,May,5,Saturday
28-05-2023,2023,Q2,May,5,Sunday
29-05-2023,2023,Q2,May,5,Monday
30-05-2023,2023,Q2,May,5,Tuesday
31-05-2023,2023,Q2,May,5,Wednesday
01-06-2023,2023,Q2,June,6,Thursday
02-06-2023,2023,Q2,June,6,Friday
03-06-2023,2023,Q2,June,6,Saturday
04-06-2023,2023,Q2,June,6,Sunday
05-06-2023,2023,Q2,June,6,Monday
06-06-2023,2023,Q2,June,6,Tuesday
07-06-2023,2023,Q2,June,6,Wednesday
08-06-2023,2023,Q2,June,6,Thursday
09-06-2023,2023,Q2,June,6,Friday
10-06-2023,2023,Q2,June,6,Saturday
11-06-2023,2023,Q2,June,6,Sunday
12-06-2023,2023,Q2,June,6,Monday
13-06-2023,2023,Q2,June,6,Tuesday
14-06-2023,2023,Q2,June,6,Wednesday
15-06-2023,2023,Q2,June,6,Thursday
16-06-2023,2023,Q2,June,6,Friday
17-06-2023,2023,Q2,June,6,Saturday
18-06-2023,2023,Q2,June,6,Sunday
19-06-2023,2023,Q2,June,6,Monday
20-06-2023,2023,Q2,June,6,Tuesday
21-06-2023,2023,Q2,June,6,Wednesday
22-06-2023,2023,Q2,June,6,Thursday
23-06-2023,2023,Q2,June,6,Friday
24-06-2023,2023,Q2,June,6,Saturday
25-06-2023,2023,Q2,June,6,Sunday
26-06-2023,2023,Q2,June,6,Monday
27-06-2023,2023,Q2,June,6,Tuesday
28-06-2023,2023,Q2,June,6,Wednesday
29-06-2023,2023,Q2,June,6,Thursday
30-06-2023,2023,Q2,June,6,Friday
01-07-2023,2023,Q3,July,7,Saturday
02-07-2023,2023,Q3,July,7,Sunday
03-07-2023,2023,Q3,July,7,Monday
04-07-2023,2023,Q3,July,7,Tuesday
05-07-2023,2023,Q3,July,7,Wednesday
06-07-2023,2023,Q3,July,7,Thursday
07-07-2023,2023,Q3,July,7,Friday
08-07-2023,2023,Q3,July,7,Saturday
09-07-2023,2023,Q3,July,7,Sunday
10-07-2023,2023,Q3,July,7,Monday
11-07-2023,2023,Q3,July,7,Tuesday
12-07-2023,2023,Q3,July,7,Wednesday
13-07-2023,2023,Q3,July,7,Thursday
14-07-2023,2023,Q3,July,7,Friday
15-07-2023,2023,Q3,July,7,Saturday
16-07-2023,2023,Q3,July,7,Sunday
17-07-2023,2023,Q3,July,7,Monday
18-07-2023,2023,Q3,July,7,Tuesday
19-07-2023,2023,Q3,July,7,Wednesday
20-07-2023,2023,Q3,July,7,Thursday
21-07-2023,2023,Q3,July,7,Friday
22-07-2023,2023,Q3,July,7,Saturday
23-07-2023,2023,Q3,July,7,Sunday
24-07-2023,2023,Q3,July,7,Monday
25-07-2023,2023,Q3,July,7,Tuesday
26-07-2023,2023,Q3,July,7,Wednesday
27-07-2023,2023,Q3,July,7,Thursday
28-07-2023,2023,Q3,July,7,Friday
29-07-2023,2023,Q3,July,7,Saturday
30-07-2023,2023,Q3,July,7,Sunday
31-07-2023,2023,Q3,July,7,Monday
01-08-2023,2023,Q3,August,8,Tuesday
02-08-2023,2023,Q3,August,8,Wednesday
03-08-2023,2023,Q3,August,8,Thursday
04-08-2023,2023,Q3,August,8,Friday
05-08-2023,2023,Q3,August,8,Saturday
06-08-2023,2023,Q3,August,8,Sunday
07-08-2023,2023,Q3,August,8,Monday
08-08-2023,2023,Q3,August,8,Tuesday
09-08-2023,2023,Q3,August,8,Wednesday
10-08-2023,2023,Q3,August,8,Thursday
11-08-2023,2023,Q3,August,8,Friday
12-08-2023,2023,Q3,August,8,Saturday
13-08-2023,2023,Q3,August,8,Sunday
14-08-2023,2023,Q3,August,8,Monday
15-08-2023,2023,Q3,August,8,Tuesday
16-08-2023,2023,Q3,August,8,Wednesday
17-08-2023,2023,Q3,August,8,Thursday
18-08-2023,2023,Q3,August,8,Friday
19-08-2023,2023,Q3,August,8,Saturday
20-08-2023,2023,Q3,August,8,Sunday
21-08-2023,2023,Q3,August,8,Monday
22-08-2023,2023,Q3,August,8,Tuesday
23-08-2023,2023,Q3,August,8,Wednesday
24-08-2023,2023,Q3,August,8,Thursday
25-08-2023,2023,Q3,August,8,Friday
26-08-2023,2023,Q3,August,8,Saturday
27-08-2023,2023,Q3,August,8,Sunday
28-08-2023,2023,Q3,August,8,Monday
29-08-2023,2023,Q3,August,8,Tuesday
30-08-2023,2023,Q3,August,8,Wednesday
31-08-2023,2023,Q3,August,8,Thursday
01-09-2023,2023,Q3,September,9,Friday
02-09-2023,2023,Q3,September,9,Saturday
03-09-2023,2023,Q3,September,9,Sunday
04-09-2023,2023,Q3,September,9,Monday
05-09-2023,2023,Q3,September,9,Tuesday
06-09-2023,2023,Q3,September,9,Wednesday
07-09-2023,2023,Q3,September,9,Thursday
08-09-2023,2023,Q3,September,9,Friday
09-09-2023,2023,Q3,September,9,Saturday
10-09-2023,2023,Q3,September,9,Sunday
11-09-2023,2023,Q3,September,9,Monday
12-09-2023,2023,Q3,September,9,Tuesday
13-09-2023,2023,Q3,September,9,Wednesday
14-09-2023,2023,Q3,September,9,Thursday
15-09-2023,2023,Q3,September,9,Friday
16-09-2023,2023,Q3,September,9,Saturday
17-09-2023,2023,Q3,September,9,Sunday
18-09-2023,2023,Q3,September,9,Monday
19-09-2023,2023,Q3,September,9,Tuesday
20-09-2023,2023,Q3,September,9,Wednesday
21-09-2023,2023,Q3,September,9,Thursday
22-09-2023,2023,Q3,September,9,Friday
23-09-2023,2023,Q3,September,9,Saturday
24-09-2023,2023,Q3,September,9,Sunday
25-09-2023,2023,Q3,September,9,Monday
26-09-2023,2023,Q3,September,9,Tuesday
27-09-2023,2023,Q3,September,9,Wednesday
28-09-2023,2023,Q3,September,9,Thursday
29-09-2023,2023,Q3,September,9,Friday
30-09-2023,2023,Q3,September,9,Saturday
01-10-2023,2023,Q4,October,10,Sunday
02-10-2023,2023,Q4,October,10,Monday
03-10-2023,2023,Q4,October,10,Tuesday
04-10-2023,2023,Q4,October,10,Wednesday
05-10-2023,2023,Q4,October,10,Thursday
06-10-2023,2023,Q4,October,10,Friday
07-10-2023,2023,Q4,October,10,Saturday
08-10-2023,2023,Q4,October,10,Sunday
09-10-2023,2023,Q4,October,10,Monday
10-10-2023,2023,Q4,October,10,Tuesday
11-10-2023,2023,Q4,October,10,Wednesday
12-10-2023,2023,Q4,October,10,Thursday
13-10-2023,2023,Q4,October,10,Friday
14-10-2023,2023,Q4,October,10,Saturday
15-10-2023,2023,Q4,October,10,Sunday
16-10-2023,2023,Q4,October,10,Monday
17-10-2023,2023,Q4,October,10,Tuesday
18-10-2023,2023,Q4,October,10,Wednesday
19-10-2023,2023,Q4,October,10,Thursday
20-10-2023,2023,Q4,October,10,Friday
21-10-2023,2023,Q4,October,10,Saturday
22-10-2023,2023,Q4,October,10,Sunday
23-10-2023,2023,Q4,October,10,Monday
24-10-2023,2023,Q4,October,10,Tuesday
25-10-2023,2023,Q4,October,10,Wednesday
26-10-2023,2023,Q4,October,10,Thursday
27-10-2023,2023,Q4,October,10,Friday
28-10-2023,2023,Q4,October,10,Saturday
29-10-2023,2023,Q4,October,10,Sunday
30-10-2023,2023,Q4,October,10,Monday
31-10-2023,2023,Q4,October,10,Tuesday
01-11-2023,2023,Q4,November,11,Wednesday
02-11-2023,2023,Q4,November,11,Thursday
03-11-2023,2023,Q4,November,11,Friday
04-11-2023,2023,Q4,November,11,Saturday
05-11-2023,2023,Q4,November,11,Sunday
06-11-2023,2023,Q4,November,11,Monday
07-11-2023,2023,Q4,November,11,Tuesday
08-11-2023,2023,Q4,November,11,Wednesday
09-11-2023,2023,Q4,November,11,Thursday
10-11-2023,2023,Q4,November,11,Friday
11-11-2023,2023,Q4,November,11,Saturday
12-11-2023,2023,Q4,November,11,Sunday
13-11-2023,2023,Q4,November,11,Monday
14-11-2023,2023,Q4,November,11,Tuesday
15-11-2023,2023,Q4,November,11,Wednesday
16-11-2023,2023,Q4,November,11,Thursday
17-11-2023,2023,Q4,November,11,Friday
18-11-2023,2023,Q4,November,11,Saturday
19-11-2023,2023,Q4,November,11,Sunday
20-11-2023,2023,Q4,November,11,Monday
21-11-2023,2023,Q4,November,11,Tuesday
22-11-2023,2023,Q4,November,11,Wednesday
23-11-2023,2023,Q4,November,11,Thursday
24-11-2023,2023,Q4,November,11,Friday
25-11-2023,2023,Q4,November,11,Saturday
26-11-2023,2023,Q4,November,11,Sunday
27-11-2023,2023,Q4,November,11,Monday
28-11-2023,2023,Q4,November,11,Tuesday
29-11-2023,2023,Q4,November,11,Wednesday
30-11-2023,2023,Q4,November,11,Thursday
01-12-2023,2023,Q4,December,12,Friday
02-12-2023,2023,Q4,December,12,Saturday
03-12-2023,2023,Q4,December,12,Sunday
04-12-2023,2023,Q4,December,12,Monday
05-12-2023,2023,Q4,December,12,Tuesday
06-12-2023,2023,Q4,December,12,Wednesday
07-12-2023,2023,Q4,December,12,Thursday
08-12-2023,2023,Q4,December,12,Friday
09-12-2023,2023,Q4,December,12,Saturday
10-12-2023,2023,Q4,December,12,Sunday
11-12-2023,2023,Q4,December,12,Monday
12-12-2023,2023,Q4,December,12,Tuesday
13-12-2023,2023,Q4,December,12,Wednesday
14-12-2023,2023,Q4,December,12,Thursday
15-12-2023,2023,Q4,December,12,Friday
16-12-2023,2023,Q4,December,12,Saturday
17-12-2023,2023,Q4,December,12,Sunday
18-12-2023,2023,Q4,December,12,Monday
19-12-2023,2023,Q4,December,12,Tuesday
20-12-2023,2023,Q4,December,12,Wednesday
21-12-2023,2023,Q4,December,12,Thursday
22-12-2023,2023,Q4,December,12,Friday
23-12-2023,2023,Q4,December,12,Saturday
24-12-2023,2023,Q4,December,12,Sunday
25-12-2023,2023,Q4,December,12,Monday
26-12-2023,2023,Q4,December,12,Tuesday
27-12-2023,2023,Q4,December,12,Wednesday
28-12-2023,2023,Q4,December,12,Thursday
29-12-2023,2023,Q4,December,12,Friday
30-12-2023,2023,Q4,December,12,Saturday
31-12-2023,2023,Q4,December,12,Sunday
01-01-2024,2024,Q1,January,1,Monday
02-01-2024,2024,Q1,January,1,Tuesday
03-01-2024,2024,Q1,January,1,Wednesday
04-01-2024,2024,Q1,January,1,Thursday
05-01-2024,2024,Q1,January,1,Friday
06-01-2024,2024,Q1,January,1,Saturday
07-01-2024,2024,Q1,January,1,Sunday
08-01-2024,2024,Q1,January,1,Monday
09-01-2024,2024,Q1,January,1,Tuesday
10-01-2024,2024,Q1,January,1,Wednesday
11-01-2024,2024,Q1,January,1,Thursday
12-01-2024,2024,Q1,January,1,Friday
13-01-2024,2024,Q1,January,1,Saturday
14-01-2024,2024,Q1,January,1,Sunday
15-01-2024,2024,Q1,January,1,Monday
16-01-2024,2024,Q1,January,1,Tuesday
17-01-2024,2024,Q1,January,1,Wednesday
18-01-2024,2024,Q1,January,1,Thursday
19-01-2024,2024,Q1,January,1,Friday
20-01-2024,2024,Q1,January,1,Saturday
21-01-2024,2024,Q1,January,1,Sunday
22-01-2024,2024,Q1,January,1,Monday
23-01-2024,2024,Q1,January,1,Tuesday
24-01-2024,2024,Q1,January,1,Wednesday
25-01-2024,2024,Q1,January,1,Thursday
26-01-2024,2024,Q1,January,1,Friday
27-01-2024,2024,Q1,January,1,Saturday
28-01-2024,2024,Q1,January,1,Sunday
29-01-2024,2024,Q1,January,1,Monday
30-01-2024,2024,Q1,January,1,Tuesday
31-01-2024,2024,Q1,January,1,Wednesday
01-02-2024,2024,Q1,February,2,Thursday
02-02-2024,2024,Q1,February,2,Friday
03-02-2024,2024,Q1,February,2,Saturday
04-02-2024,2024,Q1,February,2,Sunday
05-02-2024,2024,Q1,February,2,Monday
06-02-2024,2024,Q1,February,2,Tuesday
07-02-2024,2024,Q1,February,2,Wednesday
08-02-2024,2024,Q1,February,2,Thursday
09-02-2024,2024,Q1,February,2,Friday
10-02-2024,2024,Q1,February,2,Saturday
11-02-2024,2024,Q1,February,2,Sunday
12-02-2024,2024,Q1,February,2,Monday
13-02-2024,2024,Q1,February,2,Tuesday
14-02-2024,2024,Q1,February,2,Wednesday
15-02-2024,2024,Q1,February,2,Thursday
16-02-2024,2024,Q1,February,2,Friday
17-02-2024,2024,Q1,February,2,Saturday
18-02-2024,2024,Q1,February,2,Sunday
19-02-2024,2024,Q1,February,2,Monday
20-02-2024,2024,Q1,February,2,Tuesday
21-02-2024,2024,Q1,February,2,Wednesday
22-02-2024,2024,Q1,February,2,Thursday
23-02-2024,2024,Q1,February,2,Friday
24-02-2024,2024,Q1,February,2,Saturday
25-02-2024,2024,Q1,February,2,Sunday
26-02-2024,2024,Q1,February,2,Monday
27-02-2024,2024,Q1,February,2,Tuesday
28-02-2024,2024,Q1,February,2,Wednesday
29-02-2024,2024,Q1,February,2,Thursday
01-03-2024,2024,Q1,March,3,Friday
02-03-2024,2024,Q1,March,3,Saturday
03-03-2024,2024,Q1,March,3,Sunday
04-03-2024,2024,Q1,March,3,Monday
05-03-2024,2024,Q1,March,3,Tuesday
06-03-2024,2024,Q1,March,3,Wednesday
07-03-2024,2024,Q1,March,3,Thursday
08-03-2024,2024,Q1,March,3,Friday
09-03-2024,2024,Q1,March,3,Saturday
10-03-2024,2024,Q1,March,3,Sunday
11-03-2024,2024,Q1,March,3,Monday
12-03-2024,2024,Q1,March,3,Tuesday
13-03-2024,2024,Q1,March,3,Wednesday
14-03-2024,2024,Q1,March,3,Thursday
15-03-2024,2024,Q1,March,3,Friday
16-03-2024,2024,Q1,March,3,Saturday
17-03-2024,2024,Q1,March,3,Sunday
18-03-2024,2024,Q1,March,3,Monday
19-03-2024,2024,Q1,March,3,Tuesday
20-03-2024,2024,Q1,March,3,Wednesday
21-03-2024,2024,Q1,March,3,Thursday
22-03-2024,2024,Q1,March,3,Friday
23-03-2024,2024,Q1,March,3,Saturday
24-03-2024,2024,Q1,March,3,Sunday
25-03-2024,2024,Q1,March,3,Monday
26-03-2024,2024,Q1,March,3,Tuesday
27-03-2024,2024,Q1,March,3,Wednesday
28-03-2024,2024,Q1,March,3,Thursday
29-03-2024,2024,Q1,March,3,Friday
30-03-2024,2024,Q1,March,3,Saturday
31-03-2024,2024,Q1,March,3,Sunday
01-04-2024,2024,Q2,April,4,Monday
02-04-2024,2024,Q2,April,4,Tuesday
03-04-2024,2024,Q2,April,4,Wednesday
04-04-2024,2024,Q2,April,4,Thursday
05-04-2024,2024,Q2,April,4,Friday
06-04-2024,2024,Q2,April,4,Saturday
07-04-2024,2024,Q2,April,4,Sunday
08-04-2024,2024,Q2,April,4,Monday
09-04-2024,2024,Q2,April,4,Tuesday
10-04-2024,2024,Q2,April,4,Wednesday
11-04-2024,2024,Q2,April,4,Thursday
12-04-2024,2024,Q2,April,4,Friday
13-04-2024,2024,Q2,April,4,Saturday
14-04-2024,2024,Q2,April,4,Sunday
15-04-2024,2024,Q2,April,4,Monday
16-04-2024,2024,Q2,April,4,Tuesday
17-04-2024,2024,Q2,April,4,Wednesday
18-04-2024,2024,Q2,April,4,Thursday
19-04-2024,2024,Q2,April,4,Friday
20-04-2024,2024,Q2,April,4,Saturday
21-04-2024,2024,Q2,April,4,Sunday
22-04-2024,2024,Q2,April,4,Monday
23-04-2024,2024,Q2,April,4,Tuesday
24-04-2024,2024,Q2,April,4,Wednesday
25-04-2024,2024,Q2,April,4,Thursday
26-04-2024,2024,Q2,April,4,Friday
27-04-2024,2024,Q2,April,4,Saturday
28-04-2024,2024,Q2,April,4,Sunday
29-04-2024,2024,Q2,April,4,Monday
30-04-2024,2024,Q2,April,4,Tuesday
01-05-2024,2024,Q2,May,5,Wednesday
02-05-2024,2024,Q2,May,5,Thursday
03-05-2024,2024,Q2,May,5,Friday
04-05-2024,2024,Q2,May,5,Saturday
05-05-2024,2024,Q2,May,5,Sunday
06-05-2024,2024,Q2,May,5,Monday
07-05-2024,2024,Q2,May,5,Tuesday
08-05-2024,2024,Q2,May,5,Wednesday
09-05-2024,2024,Q2,May,5,Thursday
10-05-2024,2024,Q2,May,5,Friday
11-05-2024,2024,Q2,May,5,Saturday
12-05-2024,2024,Q2,May,5,Sunday
13-05-2024,2024,Q2,May,5,Monday
14-05-2024,2024,Q2,May,5,Tuesday
15-05-2024,2024,Q2,May,5,Wednesday
16-05-2024,2024,Q2,May,5,Thursday
17-05-2024,2024,Q2,May,5,Friday
18-05-2024,2024,Q2,May,5,Saturday
19-05-2024,2024,Q2,May,5,Sunday
20-05-2024,2024,Q2,May,5,Monday
21-05-2024,2024,Q2,May,5,Tuesday
22-05-2024,2024,Q2,May,5,Wednesday
23-05-2024,2024,Q2,May,5,Thursday
24-05-2024,2024,Q2,May,5,Friday
25-05-2024,2024,Q2,May,5,Saturday
26-05-2024,2024,Q2,May,5,Sunday
27-05-2024,2024,Q2,May,5,Monday
28-05-2024,2024,Q2,May,5,Tuesday
29-05-2024,2024,Q2,May,5,Wednesday
30-05-2024,2024,Q2,May,5,Thursday
31-05-2024,2024,Q2,May,5,Friday
01-06-2024,2024,Q2,June,6,Saturday
02-06-2024,2024,Q2,June,6,Sunday
03-06-2024,2024,Q2,June,6,Monday
04-06-2024,2024,Q2,June,6,Tuesday
05-06-2024,2024,Q2,June,6,Wednesday
06-06-2024,2024,Q2,June,6,Thursday
07-06-2024,2024,Q2,June,6,Friday
08-06-2024,2024,Q2,June,6,Saturday
09-06-2024,2024,Q2,June,6,Sunday
10-06-2024,2024,Q2,June,6,Monday
11-06-2024,2024,Q2,June,6,Tuesday
12-06-2024,2024,Q2,June,6,Wednesday
13-06-2024,2024,Q2,June,6,Thursday
14-06-2024,2024,Q2,June,6,Friday
15-06-2024,2024,Q2,June,6,Saturday
16-06-2024,2024,Q2,June,6,Sunday
17-06-2024,2024,Q2,June,6,Monday
18-06-2024,2024,Q2,June,6,Tuesday
19-06-2024,2024,Q2,June,6,Wednesday
20-06-2024,2024,Q2,June,6,Thursday
21-06-2024,2024,Q2,June,6,Friday
22-06-2024,2024,Q2,June,6,Saturday
23-06-2024,2024,Q2,June,6,Sunday
24-06-2024,2024,Q2,June,6,Monday
25-06-2024,2024,Q2,June,6,Tuesday
26-06-2024,2024,Q2,June,6,Wednesday
27-06-2024,2024,Q2,June,6,Thursday
28-06-2024,2024,Q2,June,6,Friday
29-06-2024,2024,Q2,June,6,Saturday
30-06-2024,2024,Q2,June,6,Sunday
01-07-2024,2024,Q3,July,7,Monday
02-07-2024,2024,Q3,July,7,Tuesday
03-07-2024,2024,Q3,July,7,Wednesday
04-07-2024,2024,Q3,July,7,Thursday
05-07-2024,2024,Q3,July,7,Friday
06-07-2024,2024,Q3,July,7,Saturday
07-07-2024,2024,Q3,July,7,Sunday
08-07-2024,2024,Q3,July,7,Monday
09-07-2024,2024,Q3,July,7,Tuesday
10-07-2024,2024,Q3,July,7,Wednesday
11-07-2024,2024,Q3,July,7,Thursday
12-07-2024,2024,Q3,July,7,Friday
13-07-2024,2024,Q3,July,7,Saturday
14-07-2024,2024,Q3,July,7,Sunday
15-07-2024,2024,Q3,July,7,Monday
16-07-2024,2024,Q3,July,7,Tuesday
17-07-2024,2024,Q3,July,7,Wednesday
18-07-2024,2024,Q3,July,7,Thursday
19-07-2024,2024,Q3,July,7,Friday
20-07-2024,2024,Q3,July,7,Saturday
21-07-2024,2024,Q3,July,7,Sunday
22-07-2024,2024,Q3,July,7,Monday
23-07-2024,2024,Q3,July,7,Tuesday
24-07-2024,2024,Q3,July,7,Wednesday
25-07-2024,2024,Q3,July,7,Thursday
26-07-2024,2024,Q3,July,7,Friday
27-07-2024,2024,Q3,July,7,Saturday
28-07-2024,2024,Q3,July,7,Sunday
29-07-2024,2024,Q3,July,7,Monday
30-07-2024,2024,Q3,July,7,Tuesday
31-07-2024,2024,Q3,July,7,Wednesday
01-08-2024,2024,Q3,August,8,Thursday
02-08-2024,2024,Q3,August,8,Friday
03-08-2024,2024,Q3,August,8,Saturday
04-08-2024,2024,Q3,August,8,Sunday
05-08-2024,2024,Q3,August,8,Monday
06-08-2024,2024,Q3,August,8,Tuesday
07-08-2024,2024,Q3,August,8,Wednesday
08-08-2024,2024,Q3,August,8,Thursday
09-08-2024,2024,Q3,August,8,Friday
10-08-2024,2024,Q3,August,8,Saturday
11-08-2024,2024,Q3,August,8,Sunday
12-08-2024,2024,Q3,August,8,Monday
13-08-2024,2024,Q3,August,8,Tuesday
14-08-2024,2024,Q3,August,8,Wednesday
15-08-2024,2024,Q3,August,8,Thursday
16-08-2024,2024,Q3,August,8,Friday
17-08-2024,2024,Q3,August,8,Saturday
18-08-2024,2024,Q3,August,8,Sunday
19-08-2024,2024,Q3,August,8,Monday
20-08-2024,2024,Q3,August,8,Tuesday
21-08-2024,2024,Q3,August,8,Wednesday
22-08-2024,2024,Q3,August,8,Thursday
23-08-2024,2024,Q3,August,8,Friday
24-08-2024,2024,Q3,August,8,Saturday
25-08-2024,2024,Q3,August,8,Sunday
26-08-2024,2024,Q3,August,8,Monday
27-08-2024,2024,Q3,August,8,Tuesday
28-08-2024,2024,Q3,August,8,Wednesday
29-08-2024,2024,Q3,August,8,Thursday
30-08-2024,2024,Q3,August,8,Friday
31-08-2024,2024,Q3,August,8,Saturday
01-09-2024,2024,Q3,September,9,Sunday
02-09-2024,2024,Q3,September,9,Monday
03-09-2024,2024,Q3,September,9,Tuesday
04-09-2024,2024,Q3,September,9,Wednesday
05-09-2024,2024,Q3,September,9,Thursday
06-09-2024,2024,Q3,September,9,Friday
07-09-2024,2024,Q3,September,9,Saturday
08-09-2024,2024,Q3,September,9,Sunday
09-09-2024,2024,Q3,September,9,Monday
10-09-2024,2024,Q3,September,9,Tuesday
11-09-2024,2024,Q3,September,9,Wednesday
12-09-2024,2024,Q3,September,9,Thursday
13-09-2024,2024,Q3,September,9,Friday
14-09-2024,2024,Q3,September,9,Saturday
15-09-2024,2024,Q3,September,9,Sunday
16-09-2024,2024,Q3,September,9,Monday
17-09-2024,2024,Q3,September,9,Tuesday
18-09-2024,2024,Q3,September,9,Wednesday
19-09-2024,2024,Q3,September,9,Thursday
20-09-2024,2024,Q3,September,9,Friday
21-09-2024,2024,Q3,September,9,Saturday
22-09-2024,2024,Q3,September,9,Sunday
23-09-2024,2024,Q3,September,9,Monday
24-09-2024,2024,Q3,September,9,Tuesday
25-09-2024,2024,Q3,September,9,Wednesday
26-09-2024,2024,Q3,September,9,Thursday
27-09-2024,2024,Q3,September,9,Friday
28-09-2024,2024,Q3,September,9,Saturday
29-09-2024,2024,Q3,September,9,Sunday
30-09-2024,2024,Q3,September,9,Monday
01-10-2024,2024,Q4,October,10,Tuesday
02-10-2024,2024,Q4,October,10,Wednesday
03-10-2024,2024,Q4,October,10,Thursday
04-10-2024,2024,Q4,October,10,Friday
05-10-2024,2024,Q4,October,10,Saturday
06-10-2024,2024,Q4,October,10,Sunday
07-10-2024,2024,Q4,October,10,Monday
08-10-2024,2024,Q4,October,10,Tuesday
09-10-2024,2024,Q4,October,10,Wednesday
10-10-2024,2024,Q4,October,10,Thursday
11-10-2024,2024,Q4,October,10,Friday
12-10-2024,2024,Q4,October,10,Saturday
13-10-2024,2024,Q4,October,10,Sunday
14-10-2024,2024,Q4,October,10,Monday
15-10-2024,2024,Q4,October,10,Tuesday
16-10-2024,2024,Q4,October,10,Wednesday
17-10-2024,2024,Q4,October,10,Thursday
18-10-2024,2024,Q4,October,10,Friday
19-10-2024,2024,Q4,October,10,Saturday
20-10-2024,2024,Q4,October,10,Sunday
21-10-2024,2024,Q4,October,10,Monday
22-10-2024,2024,Q4,October,10,Tuesday
23-10-2024,2024,Q4,October,10,Wednesday
24-10-2024,2024,Q4,October,10,Thursday
25-10-2024,2024,Q4,October,10,Friday
26-10-2024,2024,Q4,October,10,Saturday
27-10-2024,2024,Q4,October,10,Sunday
28-10-2024,2024,Q4,October,10,Monday
29-10-2024,2024,Q4,October,10,Tuesday
30-10-2024,2024,Q4,October,10,Wednesday
31-10-2024,2024,Q4,October,10,Thursday
01-11-2024,2024,Q4,November,11,Friday
02-11-2024,2024,Q4,November,11,Saturday
03-11-2024,2024,Q4,November,11,Sunday
04-11-2024,2024,Q4,November,11,Monday
05-11-2024,2024,Q4,November,11,Tuesday
06-11-2024,2024,Q4,November,11,Wednesday
07-11-2024,2024,Q4,November,11,Thursday
08-11-2024,2024,Q4,November,11,Friday
09-11-2024,2024,Q4,November,11,Saturday
10-11-2024,2024,Q4,November,11,Sunday
11-11-2024,2024,Q4,November,11,Monday
12-11-2024,2024,Q4,November,11,Tuesday
13-11-2024,2024,Q4,November,11,Wednesday
14-11-2024,2024,Q4,November,11,Thursday
15-11-2024,2024,Q4,November,11,Friday
16-11-2024,2024,Q4,November,11,Saturday
17-11-2024,2024,Q4,November,11,Sunday
18-11-2024,2024,Q4,November,11,Monday
19-11-2024,2024,Q4,November,11,Tuesday
20-11-2024,2024,Q4,November,11,Wednesday
21-11-2024,2024,Q4,November,11,Thursday
22-11-2024,2024,Q4,November,11,Friday
23-11-2024,2024,Q4,November,11,Saturday
24-11-2024,2024,Q4,November,11,Sunday
25-11-2024,2024,Q4,November,11,Monday
26-11-2024,2024,Q4,November,11,Tuesday
27-11-2024,2024,Q4,November,11,Wednesday
28-11-2024,2024,Q4,November,11,Thursday
29-11-2024,2024,Q4,November,11,Friday
30-11-2024,2024,Q4,November,11,Saturday
01-12-2024,2024,Q4,December,12,Sunday
02-12-2024,2024,Q4,December,12,Monday
03-12-2024,2024,Q4,December,12,Tuesday
04-12-2024,2024,Q4,December,12,Wednesday
05-12-2024,2024,Q4,December,12,Thursday
06-12-2024,2024,Q4,December,12,Friday
07-12-2024,2024,Q4,December,12,Saturday
08-12-2024,2024,Q4,December,12,Sunday
09-12-2024,2024,Q4,December,12,Monday
10-12-2024,2024,Q4,December,12,Tuesday
11-12-2024,2024,Q4,December,12,Wednesday
12-12-2024,2024,Q4,December,12,Thursday
13-12-2024,2024,Q4,December,12,Friday
14-12-2024,2024,Q4,December,12,Saturday
15-12-2024,2024,Q4,December,12,Sunday
16-12-2024,2024,Q4,December,12,Monday
17-12-2024,2024,Q4,December,12,Tuesday
18-12-2024,2024,Q4,December,12,Wednesday
19-12-2024,2024,Q4,December,12,Thursday
20-12-2024,2024,Q4,December,12,Friday
21-12-2024,2024,Q4,December,12,Saturday
22-12-2024,2024,Q4,December,12,Sunday
23-12-2024,2024,Q4,December,12,Monday
24-12-2024,2024,Q4,December,12,Tuesday
25-12-2024,2024,Q4,December,12,Wednesday
26-12-2024,2024,Q4,December,12,Thursday
27-12-2024,2024,Q4,December,12,Friday
28-12-2024,2024,Q4,December,12,Saturday
29-12-2024,2024,Q4,December,12,Sunday
30-12-2024,2024,Q4,December,12,Monday
31-12-2024,2024,Q4,December,12,Tuesday
01-01-2025,2025,Q1,January,1,Wednesday
02-01-2025,2025,Q1,January,1,Thursday
03-01-2025,2025,Q1,January,1,Friday
04-01-2025,2025,Q1,January,1,Saturday
05-01-2025,2025,Q1,January,1,Sunday
06-01-2025,2025,Q1,January,1,Monday
07-01-2025,2025,Q1,January,1,Tuesday
08-01-2025,2025,Q1,January,1,Wednesday
09-01-2025,2025,Q1,January,1,Thursday
10-01-2025,2025,Q1,January,1,Friday
11-01-2025,2025,Q1,January,1,Saturday
12-01-2025,2025,Q1,January,1,Sunday
13-01-2025,2025,Q1,January,1,Monday
14-01-2025,2025,Q1,January,1,Tuesday
15-01-2025,2025,Q1,January,1,Wednesday
16-01-2025,2025,Q1,January,1,Thursday
17-01-2025,2025,Q1,January,1,Friday
18-01-2025,2025,Q1,January,1,Saturday
19-01-2025,2025,Q1,January,1,Sunday
20-01-2025,2025,Q1,January,1,Monday
21-01-2025,2025,Q1,January,1,Tuesday
22-01-2025,2025,Q1,January,1,Wednesday
23-01-2025,2025,Q1,January,1,Thursday
24-01-2025,2025,Q1,January,1,Friday
25-01-2025,2025,Q1,January,1,Saturday
26-01-2025,2025,Q1,January,1,Sunday
27-01-2025,2025,Q1,January,1,Monday
28-01-2025,2025,Q1,January,1,Tuesday
29-01-2025,2025,Q1,January,1,Wednesday
30-01-2025,2025,Q1,January,1,Thursday
31-01-2025,2025,Q1,January,1,Friday
01-02-2025,2025,Q1,February,2,Saturday
02-02-2025,2025,Q1,February,2,Sunday
03-02-2025,2025,Q1,February,2,Monday
04-02-2025,2025,Q1,February,2,Tuesday
05-02-2025,2025,Q1,February,2,Wednesday
06-02-2025,2025,Q1,February,2,Thursday
07-02-2025,2025,Q1,February,2,Friday
08-02-2025,2025,Q1,February,2,Saturday
09-02-2025,2025,Q1,February,2,Sunday
10-02-2025,2025,Q1,February,2,Monday
11-02-2025,2025,Q1,February,2,Tuesday
12-02-2025,2025,Q1,February,2,Wednesday
13-02-2025,2025,Q1,February,2,Thursday
14-02-2025,2025,Q1,February,2,Friday
15-02-2025,2025,Q1,February,2,Saturday
16-02-2025,2025,Q1,February,2,Sunday
17-02-2025,2025,Q1,February,2,Monday
18-02-2025,2025,Q1,February,2,Tuesday
19-02-2025,2025,Q1,February,2,Wednesday
20-02-2025,2025,Q1,February,2,Thursday
21-02-2025,2025,Q1,February,2,Friday
22-02-2025,2025,Q1,February,2,Saturday
23-02-2025,2025,Q1,February,2,Sunday
24-02-2025,2025,Q1,February,2,Monday
25-02-2025,2025,Q1,February,2,Tuesday
26-02-2025,2025,Q1,February,2,Wednesday
27-02-2025,2025,Q1,February,2,Thursday
28-02-2025,2025,Q1,February,2,Friday
01-03-2025,2025,Q1,March,3,Saturday
02-03-2025,2025,Q1,March,3,Sunday
03-03-2025,2025,Q1,March,3,Monday
04-03-2025,2025,Q1,March,3,Tuesday
05-03-2025,2025,Q1,March,3,Wednesday
06-03-2025,2025,Q1,March,3,Thursday
07-03-2025,2025,Q1,March,3,Friday
08-03-2025,2025,Q1,March,3,Saturday
09-03-2025,2025,Q1,March,3,Sunday
10-03-2025,2025,Q1,March,3,Monday
11-03-2025,2025,Q1,March,3,Tuesday
12-03-2025,2025,Q1,March,3,Wednesday
13-03-2025,2025,Q1,March,3,Thursday
14-03-2025,2025,Q1,March,3,Friday
15-03-2025,2025,Q1,March,3,Saturday
16-03-2025,2025,Q1,March,3,Sunday
17-03-2025,2025,Q1,March,3,Monday
18-03-2025,2025,Q1,March,3,Tuesday
19-03-2025,2025,Q1,March,3,Wednesday
20-03-2025,2025,Q1,March,3,Thursday
21-03-2025,2025,Q1,March,3,Friday
22-03-2025,2025,Q1,March,3,Saturday
23-03-2025,2025,Q1,March,3,Sunday
24-03-2025,2025,Q1,March,3,Monday
25-03-2025,2025,Q1,March,3,Tuesday
26-03-2025,2025,Q1,March,3,Wednesday
27-03-2025,2025,Q1,March,3,Thursday
28-03-2025,2025,Q1,March,3,Friday
29-03-2025,2025,Q1,March,3,Saturday
30-03-2025,2025,Q1,March,3,Sunday
31-03-2025,2025,Q1,March,3,Monday
01-04-2025,2025,Q2,April,4,Tuesday
02-04-2025,2025,Q2,April,4,Wednesday
03-04-2025,2025,Q2,April,4,Thursday
04-04-2025,2025,Q2,April,4,Friday
05-04-2025,2025,Q2,April,4,Saturday
06-04-2025,2025,Q2,April,4,Sunday
07-04-2025,2025,Q2,April,4,Monday
08-04-2025,2025,Q2,April,4,Tuesday
09-04-2025,2025,Q2,April,4,Wednesday
10-04-2025,2025,Q2,April,4,Thursday
11-04-2025,2025,Q2,April,4,Friday
12-04-2025,2025,Q2,April,4,Saturday
13-04-2025,2025,Q2,April,4,Sunday
14-04-2025,2025,Q2,April,4,Monday
15-04-2025,2025,Q2,April,4,Tuesday
16-04-2025,2025,Q2,April,4,Wednesday
17-04-2025,2025,Q2,April,4,Thursday
18-04-2025,2025,Q2,April,4,Friday
19-04-2025,2025,Q2,April,4,Saturday
20-04-2025,2025,Q2,April,4,Sunday
21-04-2025,2025,Q2,April,4,Monday
22-04-2025,2025,Q2,April,4,Tuesday
23-04-2025,2025,Q2,April,4,Wednesday
24-04-2025,2025,Q2,April,4,Thursday
25-04-2025,2025,Q2,April,4,Friday
26-04-2025,2025,Q2,April,4,Saturday
27-04-2025,2025,Q2,April,4,Sunday
28-04-2025,2025,Q2,April,4,Monday
29-04-2025,2025,Q2,April,4,Tuesday
30-04-2025,2025,Q2,April,4,Wednesday
01-05-2025,2025,Q2,May,5,Thursday
02-05-2025,2025,Q2,May,5,Friday
03-05-2025,2025,Q2,May,5,Saturday
04-05-2025,2025,Q2,May,5,Sunday
05-05-2025,2025,Q2,May,5,Monday
06-05-2025,2025,Q2,May,5,Tuesday
07-05-2025,2025,Q2,May,5,Wednesday
08-05-2025,2025,Q2,May,5,Thursday
09-05-2025,2025,Q2,May,5,Friday
10-05-2025,2025,Q2,May,5,Saturday
11-05-2025,2025,Q2,May,5,Sunday
12-05-2025,2025,Q2,May,5,Monday
13-05-2025,2025,Q2,May,5,Tuesday
14-05-2025,2025,Q2,May,5,Wednesday
15-05-2025,2025,Q2,May,5,Thursday
16-05-2025,2025,Q2,May,5,Friday
17-05-2025,2025,Q2,May,5,Saturday
18-05-2025,2025,Q2,May,5,Sunday
19-05-2025,2025,Q2,May,5,Monday
20-05-2025,2025,Q2,May,5,Tuesday
21-05-2025,2025,Q2,May,5,Wednesday
22-05-2025,2025,Q2,May,5,Thursday
23-05-2025,2025,Q2,May,5,Friday
24-05-2025,2025,Q2,May,5,Saturday
25-05-2025,2025,Q2,May,5,Sunday
26-05-2025,2025,Q2,May,5,Monday
27-05-2025,2025,Q2,May,5,Tuesday
28-05-2025,2025,Q2,May,5,Wednesday
29-05-2025,2025,Q2,May,5,Thursday
30-05-2025,2025,Q2,May,5,Friday
31-05-2025,2025,Q2,May,5,Saturday
01-06-2025,2025,Q2,June,6,Sunday
02-06-2025,2025,Q2,June,6,Monday
03-06-2025,2025,Q2,June,6,Tuesday
04-06-2025,2025,Q2,June,6,Wednesday
05-06-2025,2025,Q2,June,6,Thursday
06-06-2025,2025,Q2,June,6,Friday
07-06-2025,2025,Q2,June,6,Saturday
08-06-2025,2025,Q2,June,6,Sunday
09-06-2025,2025,Q2,June,6,Monday
10-06-2025,2025,Q2,June,6,Tuesday
11-06-2025,2025,Q2,June,6,Wednesday
12-06-2025,2025,Q2,June,6,Thursday
13-06-2025,2025,Q2,June,6,Friday
14-06-2025,2025,Q2,June,6,Saturday
15-06-2025,2025,Q2,June,6,Sunday
16-06-2025,2025,Q2,June,6,Monday
17-06-2025,2025,Q2,June,6,Tuesday
18-06-2025,2025,Q2,June,6,Wednesday
19-06-2025,2025,Q2,June,6,Thursday
20-06-2025,2025,Q2,June,6,Friday
21-06-2025,2025,Q2,June,6,Saturday
22-06-2025,2025,Q2,June,6,Sunday
23-06-2025,2025,Q2,June,6,Monday
24-06-2025,2025,Q2,June,6,Tuesday
25-06-2025,2025,Q2,June,6,Wednesday
26-06-2025,2025,Q2,June,6,Thursday
27-06-2025,2025,Q2,June,6,Friday
28-06-2025,2025,Q2,June,6,Saturday
29-06-2025,2025,Q2,June,6,Sunday
30-06-2025,2025,Q2,June,6,Monday
01-07-2025,2025,Q3,July,7,Tuesday
02-07-2025,2025,Q3,July,7,Wednesday
03-07-2025,2025,Q3,July,7,Thursday
04-07-2025,2025,Q3,July,7,Friday
05-07-2025,2025,Q3,July,7,Saturday
06-07-2025,2025,Q3,July,7,Sunday
07-07-2025,2025,Q3,July,7,Monday
08-07-2025,2025,Q3,July,7,Tuesday
09-07-2025,2025,Q3,July,7,Wednesday
10-07-2025,2025,Q3,July,7,Thursday
11-07-2025,2025,Q3,July,7,Friday
12-07-2025,2025,Q3,July,7,Saturday
13-07-2025,2025,Q3,July,7,Sunday
14-07-2025,2025,Q3,July,7,Monday
15-07-2025,2025,Q3,July,7,Tuesday
16-07-2025,2025,Q3,July,7,Wednesday
17-07-2025,2025,Q3,July,7,Thursday
18-07-2025,2025,Q3,July,7,Friday
19-07-2025,2025,Q3,July,7,Saturday
20-07-2025,2025,Q3,July,7,Sunday
21-07-2025,2025,Q3,July,7,Monday
22-07-2025,2025,Q3,July,7,Tuesday
23-07-2025,2025,Q3,July,7,Wednesday
24-07-2025,2025,Q3,July,7,Thursday
25-07-2025,2025,Q3,July,7,Friday
26-07-2025,2025,Q3,July,7,Saturday
27-07-2025,2025,Q3,July,7,Sunday
28-07-2025,2025,Q3,July,7,Monday
29-07-2025,2025,Q3,July,7,Tuesday
30-07-2025,2025,Q3,July,7,Wednesday
31-07-2025,2025,Q3,July,7,Thursday
01-08-2025,2025,Q3,August,8,Friday
02-08-2025,2025,Q3,August,8,Saturday
03-08-2025,2025,Q3,August,8,Sunday
04-08-2025,2025,Q3,August,8,Monday
05-08-2025,2025,Q3,August,8,Tuesday
06-08-2025,2025,Q3,August,8,Wednesday
07-08-2025,2025,Q3,August,8,Thursday
08-08-2025,2025,Q3,August,8,Friday
09-08-2025,2025,Q3,August,8,Saturday
10-08-2025,2025,Q3,August,8,Sunday
11-08-2025,2025,Q3,August,8,Monday
12-08-2025,2025,Q3,August,8,Tuesday
13-08-2025,2025,Q3,August,8,Wednesday
14-08-2025,2025,Q3,August,8,Thursday
15-08-2025,2025,Q3,August,8,Friday
16-08-2025,2025,Q3,August,8,Saturday
17-08-2025,2025,Q3,August,8,Sunday
18-08-2025,2025,Q3,August,8,Monday
19-08-2025,2025,Q3,August,8,Tuesday
20-08-2025,2025,Q3,August,8,Wednesday
21-08-2025,2025,Q3,August,8,Thursday
22-08-2025,2025,Q3,August,8,Friday
23-08-2025,2025,Q3,August,8,Saturday
24-08-2025,2025,Q3,August,8,Sunday
25-08-2025,2025,Q3,August,8,Monday
26-08-2025,2025,Q3,August,8,Tuesday
27-08-2025,2025,Q3,August,8,Wednesday
28-08-2025,2025,Q3,August,8,Thursday
29-08-2025,2025,Q3,August,8,Friday
30-08-2025,2025,Q3,August,8,Saturday
31-08-2025,2025,Q3,August,8,Sunday
01-09-2025,2025,Q3,September,9,Monday
02-09-2025,2025,Q3,September,9,Tuesday
03-09-2025,2025,Q3,September,9,Wednesday
04-09-2025,2025,Q3,September,9,Thursday
05-09-2025,2025,Q3,September,9,Friday
06-09-2025,2025,Q3,September,9,Saturday
07-09-2025,2025,Q3,September,9,Sunday
08-09-2025,2025,Q3,September,9,Monday
09-09-2025,2025,Q3,September,9,Tuesday
10-09-2025,2025,Q3,September,9,Wednesday
11-09-2025,2025,Q3,September,9,Thursday
12-09-2025,2025,Q3,September,9,Friday
13-09-2025,2025,Q3,September,9,Saturday
14-09-2025,2025,Q3,September,9,Sunday
15-09-2025,2025,Q3,September,9,Monday
16-09-2025,2025,Q3,September,9,Tuesday
17-09-2025,2025,Q3,September,9,Wednesday
18-09-2025,2025,Q3,September,9,Thursday
19-09-2025,2025,Q3,September,9,Friday
20-09-2025,2025,Q3,September,9,Saturday
21-09-2025,2025,Q3,September,9,Sunday
22-09-2025,2025,Q3,September,9,Monday
23-09-2025,2025,Q3,September,9,Tuesday
24-09-2025,2025,Q3,September,9,Wednesday
25-09-2025,2025,Q3,September,9,Thursday
26-09-2025,2025,Q3,September,9,Friday
27-09-2025,2025,Q3,September,9,Saturday
28-09-2025,2025,Q3,September,9,Sunday
29-09-2025,2025,Q3,September,9,Monday
30-09-2025,2025,Q3,September,9,Tuesday
01-10-2025,2025,Q4,October,10,Wednesday
02-10-2025,2025,Q4,October,10,Thursday
03-10-2025,2025,Q4,October,10,Friday
04-10-2025,2025,Q4,October,10,Saturday
05-10-2025,2025,Q4,October,10,Sunday
06-10-2025,2025,Q4,October,10,Monday
07-10-2025,2025,Q4,October,10,Tuesday
08-10-2025,2025,Q4,October,10,Wednesday
09-10-2025,2025,Q4,October,10,Thursday
10-10-2025,2025,Q4,October,10,Friday
11-10-2025,2025,Q4,October,10,Saturday
12-10-2025,2025,Q4,October,10,Sunday
13-10-2025,2025,Q4,October,10,Monday
14-10-2025,2025,Q4,October,10,Tuesday
15-10-2025,2025,Q4,October,10,Wednesday
16-10-2025,2025,Q4,October,10,Thursday
17-10-2025,2025,Q4,October,10,Friday
18-10-2025,2025,Q4,October,10,Saturday
19-10-2025,2025,Q4,October,10,Sunday
20-10-2025,2025,Q4,October,10,Monday
21-10-2025,2025,Q4,October,10,Tuesday
22-10-2025,2025,Q4,October,10,Wednesday
23-10-2025,2025,Q4,October,10,Thursday
24-10-2025,2025,Q4,October,10,Friday
25-10-2025,2025,Q4,October,10,Saturday
26-10-2025,2025,Q4,October,10,Sunday
27-10-2025,2025,Q4,October,10,Monday
28-10-2025,2025,Q4,October,10,Tuesday
29-10-2025,2025,Q4,October,10,Wednesday
30-10-2025,2025,Q4,October,10,Thursday
31-10-2025,2025,Q4,October,10,Friday
01-11-2025,2025,Q4,November,11,Saturday
02-11-2025,2025,Q4,November,11,Sunday
03-11-2025,2025,Q4,November,11,Monday
04-11-2025,2025,Q4,November,11,Tuesday
05-11-2025,2025,Q4,November,11,Wednesday
06-11-2025,2025,Q4,November,11,Thursday
07-11-2025,2025,Q4,November,11,Friday
08-11-2025,2025,Q4,November,11,Saturday
09-11-2025,2025,Q4,November,11,Sunday
10-11-2025,2025,Q4,November,11,Monday
11-11-2025,2025,Q4,November,11,Tuesday
12-11-2025,2025,Q4,November,11,Wednesday
13-11-2025,2025,Q4,November,11,Thursday
14-11-2025,2025,Q4,November,11,Friday
15-11-2025,2025,Q4,November,11,Saturday
16-11-2025,2025,Q4,November,11,Sunday
17-11-2025,2025,Q4,November,11,Monday
18-11-2025,2025,Q4,November,11,Tuesday
19-11-2025,2025,Q4,November,11,Wednesday
20-11-2025,2025,Q4,November,11,Thursday
21-11-2025,2025,Q4,November,11,Friday
22-11-2025,2025,Q4,November,11,Saturday
23-11-2025,2025,Q4,November,11,Sunday
24-11-2025,2025,Q4,November,11,Monday
25-11-2025,2025,Q4,November,11,Tuesday
26-11-2025,2025,Q4,November,11,Wednesday
27-11-2025,2025,Q4,November,11,Thursday
28-11-2025,2025,Q4,November,11,Friday
29-11-2025,2025,Q4,November,11,Saturday
30-11-2025,2025,Q4,November,11,Sunday
01-12-2025,2025,Q4,December,12,Monday
02-12-2025,2025,Q4,December,12,Tuesday
03-12-2025,2025,Q4,December,12,Wednesday
04-12-2025,2025,Q4,December,12,Thursday
05-12-2025,2025,Q4,December,12,Friday
06-12-2025,2025,Q4,December,12,Saturday
07-12-2025,2025,Q4,December,12,Sunday
08-12-2025,2025,Q4,December,12,Monday
09-12-2025,2025,Q4,December,12,Tuesday
10-12-2025,2025,Q4,December,12,Wednesday
11-12-2025,2025,Q4,December,12,Thursday
12-12-2025,2025,Q4,December,12,Friday
13-12-2025,2025,Q4,December,12,Saturday
14-12-2025,2025,Q4,December,12,Sunday
15-12-2025,2025,Q4,December,12,Monday
16-12-2025,2025,Q4,December,12,Tuesday
17-12-2025,2025,Q4,December,12,Wednesday
18-12-2025,2025,Q4,December,12,Thursday
19-12-2025,2025,Q4,December,12,Friday
20-12-2025,2025,Q4,December,12,Saturday
21-12-2025,2025,Q4,December,12,Sunday
22-12-2025,2025,Q4,December,12,Monday
23-12-2025,2025,Q4,December,12,Tuesday
24-12-2025,2025,Q4,December,12,Wednesday
25-12-2025,2025,Q4,December,12,Thursday
26-12-2025,2025,Q4,December,12,Friday
27-12-2025,2025,Q4,December,12,Saturday
28-12-2025,2025,Q4,December,12,Sunday
29-12-2025,2025,Q4,December,12,Monday
30-12-2025,2025,Q4,December,12,Tuesday
31-12-2025,2025,Q4,December,12,Wednesday
